,Filename,instance_score,is_outlier
115,ISIC_0064323.jpg,0.10882059,1
117,ISIC_0064682.jpg,0.19953127,1
123,ISIC_0066504.jpg,0.19123404,1
128,ISIC_0067336.jpg,0.10681216,1
133,ISIC_0068484.jpg,0.12360269,1
137,ISIC_0070356.jpg,0.11822518,1
143,ISIC_0071267.jpg,0.19997597,1
147,ISIC_0072012.jpg,0.19027473,1
