,Filename,instance_score,is_outlier
69,ISIC_0054978.jpg,0.18824315,1
78,ISIC_0058328.jpg,0.14066793,1
81,ISIC_0058565.jpg,0.18837242,1
115,ISIC_0067480.jpg,0.16523068,1
120,ISIC_0068613.jpg,0.18966953,1
123,ISIC_0069469.jpg,0.19026859,1
126,ISIC_0070546.jpg,0.1327736,1
